brand_id,canonical_name,aliases_es,keep_original,is_action_brand,confidence,review_status,notes
2KEEP,2KEEP,2KEEP,1,0,REFERENCE,HUMAN_REVIEWED,2026-08-24 品牌识别清单
3M,3M,3M,1,0,REFERENCE,HUMAN_REVIEWED,2026-08-24 品牌识别清单
5Five,5Five,5Five,1,0,REFERENCE,HUMAN_REVIEWED,2026-08-24 品牌识别清单
7Up,7Up,7Up,1,0,REFERENCE,HUMAN_REVIEWED,2026-08-24 品牌识别清单
7th Heaven,7th Heaven,7th Heaven,1,0,REFERENCE,HUMAN_REVIEWED,2026-08-24 品牌识别清单
9th Avenue,9th Avenue,9th Avenue,1,0,REFERENCE,HUMAN_REVIEWED,2026-08-24 品牌识别清单
A Good Clean,A Good Clean,A Good Clean,1,0,REFERENCE,HUMAN_REVIEWED,2026-08-24 品牌识别清单
A-Force,A-Force,A-Force,1,1,REFERENCE,HUMAN_REVIEWED,2026-08-24 品牌识别清单
Absolu Chic,Absolu Chic,Absolu Chic,1,0,REFERENCE,HUMAN_REVIEWED,2026-08-24 品牌识别清单
Accelerate,Accelerate,Accelerate,1,0,REFERENCE,HUMAN_REVIEWED,2026-08-24 品牌识别清单
Action,Action,Action,1,0,REFERENCE,HUMAN_REVIEWED,2026-08-24 品牌识别清单
Adidas,Adidas,Adidas,1,0,REFERENCE,HUMAN_REVIEWED,2026-08-24 品牌识别清单
Air Wick,Air Wick,Air Wick,1,0,REFERENCE,HUMAN_REVIEWED,2026-08-24 品牌识别清单
Ajax,Ajax,Ajax,1,0,REFERENCE,HUMAN_REVIEWED,2026-08-24 品牌识别清单
Alaise,Alaise,Alaise,1,0,REFERENCE,HUMAN_REVIEWED,2026-08-24 品牌识别清单
Alison & Mae,Alison & Mae,Alison & Mae,1,1,REFERENCE,HUMAN_REVIEWED,2026-08-24 品牌识别清单
AllTime Favorites,AllTime Favorites,AllTime Favorites,1,0,REFERENCE,HUMAN_REVIEWED,2026-08-24 品牌识别清单
Aloi,Aloi,Aloi,1,0,REFERENCE,HUMAN_REVIEWED,2026-08-24 品牌识别清单
Alpina,Alpina,Alpina,1,0,AI_REVIEWED,NEEDS_HUMAN_REVIEW,来源：2026-08-25 品牌/IP审核；已确认商品名证据，待人工抽检。
Alvira,Alvira,Alvira,1,1,REFERENCE,HUMAN_REVIEWED,2026-08-24 品牌识别清单
Alvär,Alvär,Alvär,1,0,REFERENCE,HUMAN_REVIEWED,2026-08-24 品牌识别清单
Always,Always,Always,1,0,REFERENCE,HUMAN_REVIEWED,2026-08-24 品牌识别清单
Ambition,Ambition,Ambition,1,0,REFERENCE,HUMAN_REVIEWED,2026-08-24 品牌识别清单
Amefa,Amefa,Amefa,1,0,REFERENCE,HUMAN_REVIEWED,2026-08-24 品牌识别清单
Amicelli,Amicelli,Amicelli,1,0,REFERENCE,HUMAN_REVIEWED,2026-08-24 品牌识别清单
Androni,Androni,Androni,1,0,REFERENCE,HUMAN_REVIEWED,2026-08-24 品牌识别清单
Arbre Magique,Arbre Magique,Arbre Magique,1,0,REFERENCE,HUMAN_REVIEWED,2026-08-24 品牌识别清单
AriZona,AriZona,AriZona,1,0,REFERENCE,HUMAN_REVIEWED,2026-08-24 品牌识别清单
Artico,Artico,Artico,1,0,REFERENCE,HUMAN_REVIEWED,2026-08-24 品牌识别清单
Asevi,Asevi,Asevi,1,0,REFERENCE,HUMAN_REVIEWED,2026-08-24 品牌识别清单
Asian Favorites,Asian Favorites,Asian Favorites,1,0,REFERENCE,HUMAN_REVIEWED,2026-08-24 品牌识别清单
Astonish,Astonish,Astonish,1,0,REFERENCE,HUMAN_REVIEWED,2026-08-24 品牌识别清单
Australian,Australian,Australian,1,0,REFERENCE,HUMAN_REVIEWED,2026-08-24 品牌识别清单
Avec,Avec,Avec,1,0,REFERENCE,HUMAN_REVIEWED,2026-08-24 品牌识别清单
BIC,BIC,BIC,1,0,REFERENCE,HUMAN_REVIEWED,2026-08-24 品牌识别清单
BK,BK,BK,1,0,REFERENCE,HUMAN_REVIEWED,2026-08-24 品牌识别清单
Balisto,Balisto,Balisto,1,0,REFERENCE,HUMAN_REVIEWED,2026-08-24 品牌识别清单
Barbie,Barbie,Barbie,1,0,REFERENCE,HUMAN_REVIEWED,2026-08-24 品牌识别清单
Barni,Barni,Barni,1,0,REFERENCE,HUMAN_REVIEWED,2026-08-24 品牌识别清单
Battletron,Battletron,Battletron,1,1,REFERENCE,HUMAN_REVIEWED,2026-08-24 品牌识别清单
Beasty,Beasty,Beasty,1,0,REFERENCE,HUMAN_REVIEWED,2026-08-24 品牌识别清单
Beauty Star,Beauty Star,Beauty Star,1,0,REFERENCE,HUMAN_REVIEWED,2026-08-24 品牌识别清单
Becky's,Becky's,Becky's,1,0,REFERENCE,HUMAN_REVIEWED,2026-08-24 品牌识别清单
Beeztees,Beeztees,Beeztees,1,0,REFERENCE,HUMAN_REVIEWED,2026-08-24 品牌识别清单
Beldray,Beldray,Beldray,1,0,REFERENCE,HUMAN_REVIEWED,2026-08-24 品牌识别清单
Bella&Bruce,Bella&Bruce,Bella&Bruce,1,0,REFERENCE,HUMAN_REVIEWED,2026-08-24 品牌识别清单
Belluto Accessories,Belluto Accessories,Belluto Accessories,1,0,REFERENCE,HUMAN_REVIEWED,2026-08-24 品牌识别清单
Bestway,Bestway,Bestway,1,0,REFERENCE,HUMAN_REVIEWED,2026-08-24 品牌识别清单
Betty's,Betty's,Betty's,1,0,REFERENCE,HUMAN_REVIEWED,2026-08-24 品牌识别清单
Beyblade,Beyblade,Beyblade,1,0,AI_REVIEWED,NEEDS_HUMAN_REVIEW,来源：2026-08-25 品牌/IP审核；已确认商品名证据，待人工抽检。
Bifi,Bifi,Bifi,1,0,REFERENCE,HUMAN_REVIEWED,2026-08-24 品牌识别清单
Big Jeff,Big Jeff,Big Jeff,1,1,REFERENCE,HUMAN_REVIEWED,2026-08-24 品牌识别清单
Bilore,Bilore,Bilore,1,0,REFERENCE,HUMAN_REVIEWED,2026-08-24 品牌识别清单
Bison,Bison,Bison,1,0,REFERENCE,HUMAN_REVIEWED,2026-08-24 品牌识别清单
Bites for Birds,Bites for Birds,Bites for Birds,1,0,AI_REVIEWED,NEEDS_HUMAN_REVIEW,来源：2026-08-25 品牌/IP审核；已确认商品名证据，待人工抽检。
Blossity,Blossity,Blossity,1,0,REFERENCE,HUMAN_REVIEWED,2026-08-24 品牌识别清单
Bluey,Bluey,Bluey,1,0,REFERENCE,HUMAN_REVIEWED,2026-08-24 品牌识别清单
Body Benefits,Body Benefits,Body Benefits,1,0,REFERENCE,HUMAN_REVIEWED,2026-08-24 品牌识别清单
Bodymass,Bodymass,Bodymass,1,0,REFERENCE,HUMAN_REVIEWED,2026-08-24 品牌识别清单
Bolsius,Bolsius,Bolsius,1,0,REFERENCE,HUMAN_REVIEWED,2026-08-24 品牌识别清单
Bonjolie,Bonjolie,Bonjolie,1,0,REFERENCE,HUMAN_REVIEWED,2026-08-24 品牌识别清单
Bormioli,Bormioli,Bormioli,1,0,REFERENCE,HUMAN_REVIEWED,2026-08-24 品牌识别清单
Bounty,Bounty,Bounty,1,0,REFERENCE,HUMAN_REVIEWED,2026-08-24 品牌识别清单
Braun,Braun,Braun,1,0,REFERENCE,HUMAN_REVIEWED,2026-08-24 品牌识别清单
Bref,Bref,Bref,1,0,REFERENCE,HUMAN_REVIEWED,2026-08-24 品牌识别清单
Brilo,Brilo,Brilo,1,0,REFERENCE,HUMAN_REVIEWED,2026-08-24 品牌识别清单
Buzz Lightyear,Buzz Lightyear,Buzz Lightyear,1,0,AI_REVIEWED,NEEDS_HUMAN_REVIEW,来源：2026-08-25 品牌/IP审核；已确认商品名证据，待人工抽检。
Byphasse,Byphasse,Byphasse,1,0,REFERENCE,HUMAN_REVIEWED,2026-08-24 品牌识别清单
C&C,C&C,C&C,1,1,REFERENCE,HUMAN_REVIEWED,2026-08-24 品牌识别清单
California Scents,California Scents,California Scents,1,0,REFERENCE,HUMAN_REVIEWED,2026-08-24 品牌识别清单
Cameleo,Cameleo,Cameleo,1,0,REFERENCE,HUMAN_REVIEWED,2026-08-24 品牌识别清单
Candra,Candra,Candra,1,1,REFERENCE,HUMAN_REVIEWED,2026-08-24 品牌识别清单
Canon,Canon,Canon,1,0,REFERENCE,HUMAN_REVIEWED,2026-08-24 品牌识别清单
Capace Exclusive,Capace Exclusive,Capace Exclusive,1,0,REFERENCE,HUMAN_REVIEWED,2026-08-24 品牌识别清单
Caribbean Bronze,Caribbean Bronze,Caribbean Bronze,1,0,REFERENCE,HUMAN_REVIEWED,2026-08-24 品牌识别清单
Carmex,Carmex,Carmex,1,0,REFERENCE,HUMAN_REVIEWED,2026-08-24 品牌识别清单
Cascata,Cascata,Cascata,1,0,REFERENCE,HUMAN_REVIEWED,2026-08-24 品牌识别清单
Celebrations,Celebrations,Celebrations,1,0,REFERENCE,HUMAN_REVIEWED,2026-08-24 品牌识别清单
Champs de Provence,Champs de Provence,Champs de Provence,1,0,REFERENCE,HUMAN_REVIEWED,2026-08-24 品牌识别清单
Chazz,Chazz,Chazz,1,0,REFERENCE,HUMAN_REVIEWED,2026-08-24 品牌识别清单
Chiquilin,Chiquilin,Chiquilin,1,0,REFERENCE,HUMAN_REVIEWED,2026-08-24 品牌识别清单
Chloe Girlz,Chloe Girlz,Chloe Girlz,1,0,AI_REVIEWED,NEEDS_HUMAN_REVIEW,来源：2026-08-25 品牌/IP审核；已确认商品名证据，待人工抽检。
Christina Aguilera,Christina Aguilera,Christina Aguilera,1,0,REFERENCE,HUMAN_REVIEWED,2026-08-24 品牌识别清单
Chupa Chups,Chupa Chups,Chupa Chups,1,0,REFERENCE,HUMAN_REVIEWED,2026-08-24 品牌识别清单
Citin,Citin,Citin,1,0,REFERENCE,HUMAN_REVIEWED,2026-08-24 品牌识别清单
CleanRite,CleanRite,CleanRite,1,0,REFERENCE,HUMAN_REVIEWED,2026-08-24 品牌识别清单
Clipper,Clipper,Clipper,1,0,REFERENCE,HUMAN_REVIEWED,2026-08-24 品牌识别清单
Coca-Cola,Coca-Cola,Coca-Cola,1,0,REFERENCE,HUMAN_REVIEWED,2026-08-24 品牌识别清单
Code Homme,Code Homme,Code Homme,1,0,REFERENCE,HUMAN_REVIEWED,2026-08-24 品牌识别清单
Cokoc,Cokoc,Cokoc,1,0,REFERENCE,HUMAN_REVIEWED,2026-08-24 品牌识别清单
Colgate,Colgate,Colgate,1,0,REFERENCE,HUMAN_REVIEWED,2026-08-24 品牌识别清单
Comfibeds,Comfibeds,Comfibeds,1,1,REFERENCE,HUMAN_REVIEWED,2026-08-24 品牌识别清单
Cool2Party,Cool2Party,Cool2Party,1,0,REFERENCE,HUMAN_REVIEWED,2026-08-24 品牌识别清单
Cosmopolitan,Cosmopolitan,Cosmopolitan,1,0,REFERENCE,HUMAN_REVIEWED,2026-08-24 品牌识别清单
Cozy Creations,Cozy Creations,Cozy Creations,1,0,REFERENCE,HUMAN_REVIEWED,2026-08-24 品牌识别清单
Craft & Design,Craft & Design,Craft & Design,1,0,AI_REVIEWED,NEEDS_HUMAN_REVIEW,来源：2026-08-25 品牌/IP审核；已确认商品名证据，待人工抽检。
Craft Universe,Craft Universe,Craft Universe,1,0,REFERENCE,HUMAN_REVIEWED,2026-08-24 品牌识别清单
Crafts & Co,Crafts & Co,Crafts & Co,1,0,REFERENCE,HUMAN_REVIEWED,2026-08-24 品牌识别清单
Cre-ation,Cre-ation,Cre-ation,1,0,REFERENCE,HUMAN_REVIEWED,2026-08-24 品牌识别清单
CreaScents,CreaScents,CreaScents,1,0,REFERENCE,HUMAN_REVIEWED,2026-08-24 品牌识别清单
Culiwrap,Culiwrap,Culiwrap,1,0,REFERENCE,HUMAN_REVIEWED,2026-08-24 品牌识别清单
Curver,Curver,Curver,1,0,REFERENCE,HUMAN_REVIEWED,2026-08-24 品牌识别清单
DAY,DAY,DAY,1,0,REFERENCE,HUMAN_REVIEWED,2026-08-24 品牌识别清单
DC Comics,DC Comics,DC Comics,1,0,AI_REVIEWED,NEEDS_HUMAN_REVIEW,来源：2026-08-25 品牌/IP审核；已确认商品名证据，待人工抽检。
Daili,Daili,Daili,1,0,REFERENCE,HUMAN_REVIEWED,2026-08-24 品牌识别清单
Dake,Dake,Dake,1,0,REFERENCE,HUMAN_REVIEWED,2026-08-24 品牌识别清单
Damla,Damla,Damla,1,0,REFERENCE,HUMAN_REVIEWED,2026-08-24 品牌识别清单
Dash,Dash,Dash,1,0,REFERENCE,HUMAN_REVIEWED,2026-08-24 品牌识别清单
Delia,Delia,Delia,1,0,REFERENCE,HUMAN_REVIEWED,2026-08-24 品牌识别清单
Deluxa,Deluxa,Deluxa,1,0,REFERENCE,HUMAN_REVIEWED,2026-08-24 品牌识别清单
Dentapro,Dentapro,Dentapro,1,0,REFERENCE,HUMAN_REVIEWED,2026-08-24 品牌识别清单
Dickie Toys,Dickie Toys,Dickie Toys,1,0,REFERENCE,HUMAN_REVIEWED,2026-08-24 品牌识别清单
Dirt Devil,Dirt Devil,Dirt Devil,1,0,REFERENCE,HUMAN_REVIEWED,2026-08-24 品牌识别清单
Disney,Disney,Disney,1,0,REFERENCE,HUMAN_REVIEWED,2026-08-24 品牌识别清单
Dolce Bella,Dolce Bella,Dolce Bella,1,1,REFERENCE,HUMAN_REVIEWED,2026-08-24 品牌识别清单
Doritos,Doritos,Doritos,1,0,REFERENCE,HUMAN_REVIEWED,2026-08-24 品牌识别清单
Dove,Dove,Dove,1,0,REFERENCE,HUMAN_REVIEWED,2026-08-24 品牌识别清单
Dr. Candy,Dr. Candy,Dr. Candy,1,0,REFERENCE,HUMAN_REVIEWED,2026-08-24 品牌识别清单
Dream Lab,Dream Lab,Dream Lab,1,0,AI_REVIEWED,NEEDS_HUMAN_REVIEW,来源：2026-08-25 品牌/IP审核；已确认商品名证据，待人工抽检。
Dulux,Dulux,Dulux,1,0,AI_REVIEWED,NEEDS_HUMAN_REVIEW,来源：2026-08-25 品牌/IP审核；已确认商品名证据，待人工抽检。
Dumil,Dumil,Dumil,1,0,REFERENCE,HUMAN_REVIEWED,2026-08-24 品牌识别清单
Dunlop,Dunlop,Dunlop,1,0,REFERENCE,HUMAN_REVIEWED,2026-08-24 品牌识别清单
Duracell,Duracell,Duracell,1,0,REFERENCE,HUMAN_REVIEWED,2026-08-24 品牌识别清单
DécoTime,DécoTime,DécoTime,1,0,REFERENCE,HUMAN_REVIEWED,2026-08-24 品牌识别清单
ELLE,ELLE,ELLE,1,0,REFERENCE,HUMAN_REVIEWED,2026-08-24 品牌识别清单
Edding,Edding,Edding,1,0,REFERENCE,HUMAN_REVIEWED,2026-08-24 品牌识别清单
Eichhorn,Eichhorn,Eichhorn,1,0,REFERENCE,HUMAN_REVIEWED,2026-08-24 品牌识别清单
Elbow Grease,Elbow Grease,Elbow Grease,1,0,REFERENCE,HUMAN_REVIEWED,2026-08-24 品牌识别清单
Eleganza,Eleganza,Eleganza,1,0,REFERENCE,HUMAN_REVIEWED,2026-08-24 品牌识别清单
Eliza Jones,Eliza Jones,Eliza Jones,1,0,REFERENCE,HUMAN_REVIEWED,2026-08-24 品牌识别清单
Emos,Emos,Emos,1,0,REFERENCE,HUMAN_REVIEWED,2026-08-24 品牌识别清单
Endless Scent,Endless Scent,Endless Scent,1,0,REFERENCE,HUMAN_REVIEWED,2026-08-24 品牌识别清单
Energizer,Energizer,Energizer,1,0,REFERENCE,HUMAN_REVIEWED,2026-08-24 品牌识别清单
Esselte,Esselte,Esselte,1,0,REFERENCE,HUMAN_REVIEWED,2026-08-24 品牌识别清单
Eurodomest,Eurodomest,Eurodomest,1,0,REFERENCE,HUMAN_REVIEWED,2026-08-24 品牌识别清单
Evo,Evo,Evo,1,0,REFERENCE,HUMAN_REVIEWED,2026-08-24 品牌识别清单
Exacompta,Exacompta,Exacompta,1,0,REFERENCE,HUMAN_REVIEWED,2026-08-24 品牌识别清单
Excelcium,Excelcium,Excelcium,1,0,REFERENCE,HUMAN_REVIEWED,2026-08-24 品牌识别清单
Excellent Houseware,Excellent Houseware,Excellent Houseware,1,0,REFERENCE,HUMAN_REVIEWED,2026-08-24 品牌识别清单
FAB Factory,FAB Factory,FAB Factory,1,0,REFERENCE,HUMAN_REVIEWED,2026-08-24 品牌识别清单
FERM,FERM,FERM,1,0,REFERENCE,HUMAN_REVIEWED,2026-08-24 品牌识别清单
FYD,FYD,FYD,1,0,REFERENCE,HUMAN_REVIEWED,2026-08-24 品牌识别清单
Fabulosa,Fabulosa,Fabulosa,1,0,REFERENCE,HUMAN_REVIEWED,2026-08-24 品牌识别清单
Fairy,Fairy,Fairy,1,0,REFERENCE,HUMAN_REVIEWED,2026-08-24 品牌识别清单
Farmlight,Farmlight,Farmlight,1,0,REFERENCE,HUMAN_REVIEWED,2026-08-24 品牌识别清单
Fashion Professional,Fashion Professional,Fashion Professional,1,0,REFERENCE,HUMAN_REVIEWED,2026-08-24 品牌识别清单
Felix,Felix,Felix,1,0,REFERENCE,HUMAN_REVIEWED,2026-08-24 品牌识别清单
Femapure,Femapure,Femapure,1,0,REFERENCE,HUMAN_REVIEWED,2026-08-24 品牌识别清单
Ferrum,Ferrum,Ferrum,1,0,REFERENCE,HUMAN_REVIEWED,2026-08-24 品牌识别清单
Fibris,Fibris,Fibris,1,0,REFERENCE,HUMAN_REVIEWED,2026-08-24 品牌识别清单
Fichero,Fichero,Fichero,1,0,REFERENCE,HUMAN_REVIEWED,2026-08-24 品牌识别清单
Figenzi,Figenzi,Figenzi,1,0,REFERENCE,HUMAN_REVIEWED,2026-08-24 品牌识别清单
Finall,Finall,Finall,1,0,REFERENCE,HUMAN_REVIEWED,2026-08-24 品牌识别清单
Finish,Finish,Finish,1,0,REFERENCE,HUMAN_REVIEWED,2026-08-24 品牌识别清单
First Aid,First Aid,First Aid,1,0,REFERENCE,HUMAN_REVIEWED,2026-08-24 品牌识别清单
Fischer,Fischer,Fischer,1,0,REFERENCE,HUMAN_REVIEWED,2026-08-24 品牌识别清单
Fisher-Price,Fisher-Price,Fisher-Price,1,0,REFERENCE,HUMAN_REVIEWED,2026-08-24 品牌识别清单
Fix&Go,Fix&Go,Fix&Go,1,0,REFERENCE,HUMAN_REVIEWED,2026-08-24 品牌识别清单
Fixeeze,Fixeeze,Fixeeze,1,0,REFERENCE,HUMAN_REVIEWED,2026-08-24 品牌识别清单
Flame Classics,Flame Classics,Flame Classics,1,0,REFERENCE,HUMAN_REVIEWED,2026-08-24 品牌识别清单
Footsteps,Footsteps,Footsteps,1,0,REFERENCE,HUMAN_REVIEWED,2026-08-24 品牌识别清单
Formidi,Formidi,Formidi,1,0,REFERENCE,HUMAN_REVIEWED,2026-08-24 品牌识别清单
Freija,Freija,Freija,1,1,REFERENCE,HUMAN_REVIEWED,2026-08-24 品牌识别清单
Fresh 'n Rebel,Fresh 'n Rebel,Fresh 'n Rebel,1,0,REFERENCE,HUMAN_REVIEWED,2026-08-24 品牌识别清单
Fresh ’n Rebel,Fresh ’n Rebel,Fresh ’n Rebel,1,0,AI_REVIEWED,NEEDS_HUMAN_REVIEW,来源：2026-08-25 品牌/IP审核；已确认商品名证据，待人工抽检。
Fresssh,Fresssh,Fresssh,1,0,REFERENCE,HUMAN_REVIEWED,2026-08-24 品牌识别清单
Frezzh,Frezzh,Frezzh,1,0,REFERENCE,HUMAN_REVIEWED,2026-08-24 品牌识别清单
Froyak,Froyak,Froyak,1,1,REFERENCE,HUMAN_REVIEWED,2026-08-24 品牌识别清单
Fruit Shoot,Fruit Shoot,Fruit Shoot,1,0,REFERENCE,HUMAN_REVIEWED,2026-08-24 品牌识别清单
Fuggler,Fuggler,Fuggler,1,0,REFERENCE,HUMAN_REVIEWED,2026-08-24 品牌识别清单
Funcky Fudge,Funcky Fudge,Funcky Fudge,1,0,REFERENCE,HUMAN_REVIEWED,2026-08-24 品牌识别清单
Funyuns,Funyuns,Funyuns,1,0,REFERENCE,HUMAN_REVIEWED,2026-08-24 品牌识别清单
FurReal,FurReal,FurReal,1,0,AI_REVIEWED,NEEDS_HUMAN_REVIEW,来源：2026-08-25 品牌/IP审核；已确认商品名证据，待人工抽检。
Furry Friends,Furry Friends,Furry Friends,1,0,REFERENCE,HUMAN_REVIEWED,2026-08-24 品牌识别清单
Fuze Tea,Fuze Tea,Fuze Tea,1,0,REFERENCE,HUMAN_REVIEWED,2026-08-24 品牌识别清单
Fuzzy Doodle,Fuzzy Doodle,Fuzzy Doodle,1,0,AI_REVIEWED,NEEDS_HUMAN_REVIEW,来源：2026-08-25 品牌/IP审核；已确认商品名证据，待人工抽检。
GP,GP,GP,1,0,REFERENCE,HUMAN_REVIEWED,2026-08-24 品牌识别清单
GS27,GS27,GS27,1,0,REFERENCE,HUMAN_REVIEWED,2026-08-24 品牌识别清单
Gabby's Dollhouse,Gabby's Dollhouse,Gabby's Dollhouse,1,0,REFERENCE,HUMAN_REVIEWED,2026-08-24 品牌识别清单
Garden Touch,Garden Touch,Garden Touch,1,1,REFERENCE,HUMAN_REVIEWED,2026-08-24 品牌识别清单
Garnier,Garnier,Garnier,1,0,REFERENCE,HUMAN_REVIEWED,2026-08-24 品牌识别清单
Gear2Play,Gear2Play,Gear2Play,1,0,REFERENCE,HUMAN_REVIEWED,2026-08-24 品牌识别清单
Gen-Zen,Gen-Zen,Gen-Zen,1,0,REFERENCE,HUMAN_REVIEWED,2026-08-24 品牌识别清单
George Wilkinson,George Wilkinson,George Wilkinson,1,0,REFERENCE,HUMAN_REVIEWED,2026-08-24 品牌识别清单
Gillette,Gillette,Gillette,1,0,REFERENCE,HUMAN_REVIEWED,2026-08-24 品牌识别清单
Glade,Glade,Glade,1,0,REFERENCE,HUMAN_REVIEWED,2026-08-24 品牌识别清单
Glory Fishing,Glory Fishing,Glory Fishing,1,0,REFERENCE,HUMAN_REVIEWED,2026-08-24 品牌识别清单
Golden Glow,Golden Glow,Golden Glow,1,0,AI_REVIEWED,NEEDS_HUMAN_REVIEW,来源：2026-08-25 品牌/IP审核；已确认商品名证据，待人工抽检。
Goliath,Goliath,Goliath,1,0,REFERENCE,HUMAN_REVIEWED,2026-08-24 品牌识别清单
Gotta Love Nature,Gotta Love Nature,Gotta Love Nature,1,0,REFERENCE,HUMAN_REVIEWED,2026-08-24 品牌识别清单
Grafix,Grafix,Grafix,1,0,REFERENCE,HUMAN_REVIEWED,2026-08-24 品牌识别清单
Granite Stone,Granite Stone,Granite Stone,1,0,REFERENCE,HUMAN_REVIEWED,2026-08-24 品牌识别清单
Green Boots,Green Boots,Green Boots,1,1,REFERENCE,HUMAN_REVIEWED,2026-08-24 品牌识别清单
GreenChef,GreenChef,GreenChef,1,0,REFERENCE,HUMAN_REVIEWED,2026-08-24 品牌识别清单
Grundig,Grundig,Grundig,1,0,REFERENCE,HUMAN_REVIEWED,2026-08-24 品牌识别清单
Guardini,Guardini,Guardini,1,0,REFERENCE,HUMAN_REVIEWED,2026-08-24 品牌识别清单
Guess,Guess,Guess,1,0,REFERENCE,HUMAN_REVIEWED,2026-08-24 品牌识别清单
Hairmasters,Hairmasters,Hairmasters,1,0,REFERENCE,HUMAN_REVIEWED,2026-08-24 品牌识别清单
Hamlet,Hamlet,Hamlet,1,0,REFERENCE,HUMAN_REVIEWED,2026-08-24 品牌识别清单
Hansaplast,Hansaplast,Hansaplast,1,0,REFERENCE,HUMAN_REVIEWED,2026-08-24 品牌识别清单
Haribo,Haribo,Haribo,1,0,REFERENCE,HUMAN_REVIEWED,2026-08-24 品牌识别清单
Harmony,Harmony,Harmony,1,0,REFERENCE,HUMAN_REVIEWED,2026-08-24 品牌识别清单
Harry Potter,Harry Potter,Harry Potter,1,0,AI_REVIEWED,NEEDS_HUMAN_REVIEW,来源：2026-08-25 品牌/IP审核；已确认商品名证据，待人工抽检。
Hatakosen,Hatakosen,Hatakosen,1,0,AI_REVIEWED,NEEDS_HUMAN_REVIEW,来源：2026-08-25 品牌/IP审核；已确认商品名证据，待人工抽检。
Hegron,Hegron,Hegron,1,0,REFERENCE,HUMAN_REVIEWED,2026-08-24 品牌识别清单
Heidrun,Heidrun,Heidrun,1,0,REFERENCE,HUMAN_REVIEWED,2026-08-24 品牌识别清单
Heinz,Heinz,Heinz,1,0,REFERENCE,HUMAN_REVIEWED,2026-08-24 品牌识别清单
Hershey's,Hershey's,Hershey's,1,0,REFERENCE,HUMAN_REVIEWED,2026-08-24 品牌识别清单
HiSmile,HiSmile,HiSmile,1,0,REFERENCE,HUMAN_REVIEWED,2026-08-24 品牌识别清单
Hobby Flora,Hobby Flora,Hobby Flora,1,0,REFERENCE,HUMAN_REVIEWED,2026-08-24 品牌识别清单
Holee Molee,Holee Molee,Holee Molee,1,0,REFERENCE,HUMAN_REVIEWED,2026-08-24 品牌识别清单
Home Accents,Home Accents,Home Accents,1,0,REFERENCE,HUMAN_REVIEWED,2026-08-24 品牌识别清单
Home Essentials,Home Essentials,Home Essentials,1,1,REFERENCE,HUMAN_REVIEWED,2026-08-24 品牌识别清单
Home Vision,Home Vision,Home Vision,1,0,REFERENCE,HUMAN_REVIEWED,2026-08-24 品牌识别清单
Hoodadoo,Hoodadoo,Hoodadoo,1,1,REFERENCE,HUMAN_REVIEWED,2026-08-24 品牌识别清单
Hot Wheels,Hot Wheels,Hot Wheels,1,0,REFERENCE,HUMAN_REVIEWED,2026-08-24 品牌识别清单
Hotel Royal,Hotel Royal,Hotel Royal,1,1,REFERENCE,HUMAN_REVIEWED,2026-08-24 品牌识别清单
Huggies,Huggies,Huggies,1,0,REFERENCE,HUMAN_REVIEWED,2026-08-24 品牌识别清单
Hungry Hair,Hungry Hair,Hungry Hair,1,0,REFERENCE,HUMAN_REVIEWED,2026-08-24 品牌识别清单
I Love My Style,I Love My Style,I Love My Style,1,0,REFERENCE,HUMAN_REVIEWED,2026-08-24 品牌识别清单
IOIO,IOIO,IOIO,1,0,REFERENCE,HUMAN_REVIEWED,2026-08-24 品牌识别清单
Inecto,Inecto,Inecto,1,0,REFERENCE,HUMAN_REVIEWED,2026-08-24 品牌识别清单
Ink & Print,Ink & Print,Ink & Print,1,0,REFERENCE,HUMAN_REVIEWED,2026-08-24 品牌识别清单
Innovit,Innovit,Innovit,1,1,REFERENCE,HUMAN_REVIEWED,2026-08-24 品牌识别清单
Intempo,Intempo,Intempo,1,0,REFERENCE,HUMAN_REVIEWED,2026-08-24 品牌识别清单
Intex,Intex,Intex,1,0,REFERENCE,HUMAN_REVIEWED,2026-08-24 品牌识别清单
Iris,Iris,Iris,1,0,REFERENCE,HUMAN_REVIEWED,2026-08-24 品牌识别清单
Isostar,Isostar,Isostar,1,0,REFERENCE,HUMAN_REVIEWED,2026-08-24 品牌识别清单
Jack Link's,Jack Link's,Jack Link's,1,0,REFERENCE,HUMAN_REVIEWED,2026-08-24 品牌识别清单
Jack Parker,Jack Parker,Jack Parker,1,1,REFERENCE,HUMAN_REVIEWED,2026-08-24 品牌识别清单
Jacky-M,Jacky-M,Jacky-M,1,0,REFERENCE,HUMAN_REVIEWED,2026-08-24 品牌识别清单
Jive,Jive,Jive,1,0,REFERENCE,HUMAN_REVIEWED,2026-08-24 品牌识别清单
Joie,Joie,Joie,1,0,REFERENCE,HUMAN_REVIEWED,2026-08-24 品牌识别清单
Jumbo,Jumbo,Jumbo,1,0,REFERENCE,HUMAN_REVIEWED,2026-08-24 品牌识别清单
K2,K2,K2,1,0,REFERENCE,HUMAN_REVIEWED,2026-08-24 品牌识别清单
K2r,K2r,K2r,1,0,REFERENCE,HUMAN_REVIEWED,2026-08-24 品牌识别清单
Kaily Beauty Studio,Kaily Beauty Studio,Kaily Beauty Studio,1,0,REFERENCE,HUMAN_REVIEWED,2026-08-24 品牌识别清单
Kappa,Kappa,Kappa,1,0,REFERENCE,HUMAN_REVIEWED,2026-08-24 品牌识别清单
Kate Legwear,Kate Legwear,Kate Legwear,1,1,REFERENCE,HUMAN_REVIEWED,2026-08-24 品牌识别清单
Kaytan,Kaytan,Kaytan,1,1,REFERENCE,HUMAN_REVIEWED,2026-08-24 品牌识别清单
Kellogg's,Kellogg's,Kellogg's,1,0,REFERENCE,HUMAN_REVIEWED,2026-08-24 品牌识别清单
Keter,Keter,Keter,1,0,REFERENCE,HUMAN_REVIEWED,2026-08-24 品牌识别清单
Kettle,Kettle,Kettle,1,0,REFERENCE,HUMAN_REVIEWED,2026-08-24 品牌识别清单
Kinder,Kinder,Kinder,1,0,REFERENCE,HUMAN_REVIEWED,2026-08-24 品牌识别清单
King's Harvest,King's Harvest,King's Harvest,1,0,REFERENCE,HUMAN_REVIEWED,2026-08-24 品牌识别清单
Kinzo,Kinzo,Kinzo,1,0,REFERENCE,HUMAN_REVIEWED,2026-08-24 品牌识别清单
Kistenberg,Kistenberg,Kistenberg,1,0,REFERENCE,HUMAN_REVIEWED,2026-08-24 品牌识别清单
KitKat,KitKat,KitKat,1,0,REFERENCE,HUMAN_REVIEWED,2026-08-24 品牌识别清单
Kleenex,Kleenex,Kleenex,1,0,REFERENCE,HUMAN_REVIEWED,2026-08-24 品牌识别清单
Korona,Korona,Korona,1,0,REFERENCE,HUMAN_REVIEWED,2026-08-24 品牌识别清单
L'Oréal,L'Oréal,L'Oréal,1,0,REFERENCE,HUMAN_REVIEWED,2026-08-24 品牌识别清单
L.O.L. Surprise!,L.O.L. Surprise!,L.O.L. Surprise!,1,0,REFERENCE,HUMAN_REVIEWED,2026-08-24 品牌识别清单
LEGO,LEGO,LEGO,1,0,REFERENCE,HUMAN_REVIEWED,2026-08-24 品牌识别清单
LSC,LSC,LSC,1,1,REFERENCE,HUMAN_REVIEWED,2026-08-24 品牌识别清单
LSC Smart Connect,LSC Smart Connect,LSC Smart Connect,1,0,AI_REVIEWED,NEEDS_HUMAN_REVIEW,来源：2026-08-25 品牌/IP审核；已确认商品名证据，待人工抽检。
LU,LU,LU,1,0,AI_REVIEWED,NEEDS_HUMAN_REVIEW,来源：2026-08-25 品牌/IP审核；已确认商品名证据，待人工抽检。
La Isla Living,La Isla Living,La Isla Living,1,0,REFERENCE,HUMAN_REVIEWED,2026-08-24 品牌识别清单
La Maison Rêve,La Maison Rêve,La Maison Rêve,1,0,REFERENCE,HUMAN_REVIEWED,2026-08-24 品牌识别清单
La Sonata,La Sonata,La Sonata,1,0,REFERENCE,HUMAN_REVIEWED,2026-08-24 品牌识别清单
Lab31,Lab31,Lab31,1,1,REFERENCE,HUMAN_REVIEWED,2026-08-24 品牌识别清单
Lavato,Lavato,Lavato,1,0,REFERENCE,HUMAN_REVIEWED,2026-08-24 品牌识别清单
Lenor,Lenor,Lenor,1,0,REFERENCE,HUMAN_REVIEWED,2026-08-24 品牌识别清单
LilyRose,LilyRose,LilyRose,1,0,REFERENCE,HUMAN_REVIEWED,2026-08-24 品牌识别清单
Limpro,Limpro,Limpro,1,0,REFERENCE,HUMAN_REVIEWED,2026-08-24 品牌识别清单
Lipton,Lipton,Lipton,1,0,REFERENCE,HUMAN_REVIEWED,2026-08-24 品牌识别清单
Listerine,Listerine,Listerine,1,0,REFERENCE,HUMAN_REVIEWED,2026-08-24 品牌识别清单
Little Joe,Little Joe,Little Joe,1,0,REFERENCE,HUMAN_REVIEWED,2026-08-24 品牌识别清单
Livv,Livv,Livv,1,0,REFERENCE,HUMAN_REVIEWED,2026-08-24 品牌识别清单
Lodik,Lodik,Lodik,1,0,REFERENCE,HUMAN_REVIEWED,2026-08-24 品牌识别清单
Lotto,Lotto,Lotto,1,0,REFERENCE,HUMAN_REVIEWED,2026-08-24 品牌识别清单
Lotus,Lotus,Lotus,1,0,REFERENCE,HUMAN_REVIEWED,2026-08-24 品牌识别清单
Love&Hugs,Love&Hugs,Love&Hugs,1,0,REFERENCE,HUMAN_REVIEWED,2026-08-24 品牌识别清单
Lowenthal,Lowenthal,Lowenthal,1,0,AI_REVIEWED,NEEDS_HUMAN_REVIEW,来源：2026-08-25 品牌/IP审核；已确认商品名证据，待人工抽检。
Luminarc,Luminarc,Luminarc,1,0,REFERENCE,HUMAN_REVIEWED,2026-08-24 品牌识别清单
Lunea,Lunea,Lunea,1,0,REFERENCE,HUMAN_REVIEWED,2026-08-24 品牌识别清单
Löwenthal,Löwenthal,Löwenthal,1,0,REFERENCE,HUMAN_REVIEWED,2026-08-24 品牌识别清单
M&M's,M&M's,M&M's,1,0,REFERENCE,HUMAN_REVIEWED,2026-08-24 品牌识别清单
MAOAM,MAOAM,MAOAM,1,0,REFERENCE,HUMAN_REVIEWED,2026-08-24 品牌识别清单
Magnifique,Magnifique,Magnifique,1,0,AI_REVIEWED,NEEDS_HUMAN_REVIEW,来源：2026-08-25 品牌/IP审核；已确认商品名证据，待人工抽检。
Magnum,Magnum,Magnum,1,0,REFERENCE,HUMAN_REVIEWED,2026-08-24 品牌识别清单
Make-Over,Make-Over,Make-Over,1,0,REFERENCE,HUMAN_REVIEWED,2026-08-24 品牌识别清单
Makiki,Makiki,Makiki,1,0,REFERENCE,HUMAN_REVIEWED,2026-08-24 品牌识别清单
Mariette,Mariette,Mariette,1,0,REFERENCE,HUMAN_REVIEWED,2026-08-24 品牌识别清单
Mars,Mars,Mars,1,0,REFERENCE,HUMAN_REVIEWED,2026-08-24 品牌识别清单
MasterChef,MasterChef,MasterChef,1,0,REFERENCE,HUMAN_REVIEWED,2026-08-24 品牌识别清单
Matchbox,Matchbox,Matchbox,1,0,REFERENCE,HUMAN_REVIEWED,2026-08-24 品牌识别清单
Max & More,Max & More,Max & More,1,1,REFERENCE,HUMAN_REVIEWED,2026-08-24 品牌识别清单
McGregor,McGregor,McGregor,1,0,REFERENCE,HUMAN_REVIEWED,2026-08-24 品牌识别清单
Medisana,Medisana,Medisana,1,0,REFERENCE,HUMAN_REVIEWED,2026-08-24 品牌识别清单
Megastar,Megastar,Megastar,1,0,REFERENCE,HUMAN_REVIEWED,2026-08-24 品牌识别清单
Mentos,Mentos,Mentos,1,0,REFERENCE,HUMAN_REVIEWED,2026-08-24 品牌识别清单
Mepal,Mepal,Mepal,1,0,REFERENCE,HUMAN_REVIEWED,2026-08-24 品牌识别清单
Mexx,Mexx,Mexx,1,0,REFERENCE,HUMAN_REVIEWED,2026-08-24 品牌识别清单
Milka,Milka,Milka,1,0,REFERENCE,HUMAN_REVIEWED,2026-08-24 品牌识别清单
Minecraft,Minecraft,Minecraft,1,0,AI_REVIEWED,NEEDS_HUMAN_REVIEW,来源：2026-08-25 品牌/IP审核；已确认商品名证据，待人工抽检。
Mini Matters,Mini Matters,Mini Matters,1,1,REFERENCE,HUMAN_REVIEWED,2026-08-24 品牌识别清单
Misfittens,Misfittens,Misfittens,1,0,REFERENCE,HUMAN_REVIEWED,2026-08-24 品牌识别清单
Miss Bubble,Miss Bubble,Miss Bubble,1,0,REFERENCE,HUMAN_REVIEWED,2026-08-24 品牌识别清单
Mogu Mogu,Mogu Mogu,Mogu Mogu,1,0,AI_REVIEWED,NEEDS_HUMAN_REVIEW,来源：2026-08-25 品牌/IP审核；已确认商品名证据，待人工抽检。
Monster Jam,Monster Jam,Monster Jam,1,0,REFERENCE,HUMAN_REVIEWED,2026-08-24 品牌识别清单
Mr. Goodlad,Mr. Goodlad,Mr. Goodlad,1,0,REFERENCE,HUMAN_REVIEWED,2026-08-24 品牌识别清单
Multy,Multy,Multy,1,0,REFERENCE,HUMAN_REVIEWED,2026-08-24 品牌识别清单
NYOY,NYOY,NYOY,1,0,AI_REVIEWED,NEEDS_HUMAN_REVIEW,来源：2026-08-25 品牌/IP审核；已确认商品名证据，待人工抽检。
Namaste,Namaste,Namaste,1,0,REFERENCE,HUMAN_REVIEWED,2026-08-24 品牌识别清单
Natural Happiness,Natural Happiness,Natural Happiness,1,0,REFERENCE,HUMAN_REVIEWED,2026-08-24 品牌识别清单
Natural Heroes,Natural Heroes,Natural Heroes,1,0,REFERENCE,HUMAN_REVIEWED,2026-08-24 品牌识别清单
Nature Fit,Nature Fit,Nature Fit,1,0,REFERENCE,HUMAN_REVIEWED,2026-08-24 品牌识别清单
Naziba,Naziba,Naziba,1,0,REFERENCE,HUMAN_REVIEWED,2026-08-24 品牌识别清单
Nedis,Nedis,Nedis,1,0,REFERENCE,HUMAN_REVIEWED,2026-08-24 品牌识别清单
Nerf,Nerf,Nerf,1,0,REFERENCE,HUMAN_REVIEWED,2026-08-24 品牌识别清单
Nescafé,Nescafé,Nescafé,1,0,REFERENCE,HUMAN_REVIEWED,2026-08-24 品牌识别清单
Nestlé,Nestlé,Nestlé,1,0,REFERENCE,HUMAN_REVIEWED,2026-08-24 品牌识别清单
Nicols,Nicols,Nicols,1,0,REFERENCE,HUMAN_REVIEWED,2026-08-24 品牌识别清单
Nintendo,Nintendo,Nintendo,1,0,REFERENCE,HUMAN_REVIEWED,2026-08-24 品牌识别清单
Nivea,Nivea,Nivea,1,0,REFERENCE,HUMAN_REVIEWED,2026-08-24 品牌识别清单
Noodlicious,Noodlicious,Noodlicious,1,0,REFERENCE,HUMAN_REVIEWED,2026-08-24 品牌识别清单
Nor-Tec,Nor-Tec,Nor-Tec,1,0,REFERENCE,HUMAN_REVIEWED,2026-08-24 品牌识别清单
Nox,Nox,Nox,1,0,REFERENCE,HUMAN_REVIEWED,2026-08-24 品牌识别清单
Nuagé,Nuagé,Nuagé,1,0,AI_REVIEWED,NEEDS_HUMAN_REVIEW,来源：2026-08-25 品牌/IP审核；已确认商品名证据，待人工抽检。
Nuance,Nuance,Nuance,1,0,REFERENCE,HUMAN_REVIEWED,2026-08-24 品牌识别清单
Nuvanta,Nuvanta,Nuvanta,1,0,REFERENCE,HUMAN_REVIEWED,2026-08-24 品牌识别清单
Office Essentials,Office Essentials,Office Essentials,1,1,REFERENCE,HUMAN_REVIEWED,2026-08-24 品牌识别清单
Okidoki,Okidoki,Okidoki,1,0,REFERENCE,HUMAN_REVIEWED,2026-08-24 品牌识别清单
Omo,Omo,Omo,1,0,REFERENCE,HUMAN_REVIEWED,2026-08-24 品牌识别清单
OptiSmile,OptiSmile,OptiSmile,1,0,REFERENCE,HUMAN_REVIEWED,2026-08-24 品牌识别清单
Oral-B,Oral-B,Oral-B,1,0,REFERENCE,HUMAN_REVIEWED,2026-08-24 品牌识别清单
Oreo,Oreo,Oreo,1,0,REFERENCE,HUMAN_REVIEWED,2026-08-24 品牌识别清单
Oxford,Oxford,Oxford,1,0,REFERENCE,HUMAN_REVIEWED,2026-08-24 品牌识别清单
PAC-MAN,PAC-MAN,PAC-MAN,1,0,AI_REVIEWED,NEEDS_HUMAN_REVIEW,来源：2026-08-25 品牌/IP审核；已确认商品名证据，待人工抽检。
PACKD,PACKD,PACKD,1,0,REFERENCE,HUMAN_REVIEWED,2026-08-24 品牌识别清单
Pairz,Pairz,Pairz,1,1,REFERENCE,HUMAN_REVIEWED,2026-08-24 品牌识别清单
Palazzo,Palazzo,Palazzo,1,1,REFERENCE,HUMAN_REVIEWED,2026-08-24 品牌识别清单
Palmolive,Palmolive,Palmolive,1,0,REFERENCE,HUMAN_REVIEWED,2026-08-24 品牌识别清单
Pan Aroma,Pan Aroma,Pan Aroma,1,0,REFERENCE,HUMAN_REVIEWED,2026-08-24 品牌识别清单
Panasonic,Panasonic,Panasonic,1,0,REFERENCE,HUMAN_REVIEWED,2026-08-24 品牌识别清单
Papillon,Papillon,Papillon,1,0,REFERENCE,HUMAN_REVIEWED,2026-08-24 品牌识别清单
Pasabahce,Pasabahce,Pasabahce,1,0,REFERENCE,HUMAN_REVIEWED,2026-08-24 品牌识别清单
Patisserie,Patisserie,Patisserie,1,1,REFERENCE,HUMAN_REVIEWED,2026-08-24 品牌识别清单
Pattex,Pattex,Pattex,1,0,REFERENCE,HUMAN_REVIEWED,2026-08-24 品牌识别清单
Paw Patrol,Paw Patrol,Paw Patrol,1,0,REFERENCE,HUMAN_REVIEWED,2026-08-24 品牌识别清单
Pedigree,Pedigree,Pedigree,1,0,REFERENCE,HUMAN_REVIEWED,2026-08-24 品牌识别清单
Pelifix,Pelifix,Pelifix,1,0,REFERENCE,HUMAN_REVIEWED,2026-08-24 品牌识别清单
Pepsi,Pepsi,Pepsi,1,0,REFERENCE,HUMAN_REVIEWED,2026-08-24 品牌识别清单
Perla,Perla,Perla,1,0,REFERENCE,HUMAN_REVIEWED,2026-08-24 品牌识别清单
Petra,Petra,Petra,1,0,AI_REVIEWED,NEEDS_HUMAN_REVIEW,来源：2026-08-25 品牌/IP审核；已确认商品名证据，待人工抽检。
Philips,Philips,Philips,1,0,REFERENCE,HUMAN_REVIEWED,2026-08-24 品牌识别清单
PiM's,PiM's,PiM's,1,0,REFERENCE,HUMAN_REVIEWED,2026-08-24 品牌识别清单
Pilot,Pilot,Pilot,1,0,REFERENCE,HUMAN_REVIEWED,2026-08-24 品牌识别清单
Pinky,Pinky,Pinky,1,0,REFERENCE,HUMAN_REVIEWED,2026-08-24 品牌识别清单
Plast1,Plast1,Plast1,1,0,REFERENCE,HUMAN_REVIEWED,2026-08-24 品牌识别清单
Play-Doh,Play-Doh,Play-Doh,1,0,REFERENCE,HUMAN_REVIEWED,2026-08-24 品牌识别清单
Playgo,Playgo,Playgo,1,0,REFERENCE,HUMAN_REVIEWED,2026-08-24 品牌识别清单
Playgro,Playgro,Playgro,1,0,REFERENCE,HUMAN_REVIEWED,2026-08-24 品牌识别清单
Playmobil,Playmobil,Playmobil,1,0,AI_REVIEWED,NEEDS_HUMAN_REVIEW,来源：2026-08-25 品牌/IP审核；已确认商品名证据，待人工抽检。
Plex Care,Plex Care,Plex Care,1,0,AI_REVIEWED,NEEDS_HUMAN_REVIEW,来源：2026-08-25 品牌/IP审核；已确认商品名证据，待人工抽检。
Pom-Bär,Pom-Bär,Pom-Bär,1,0,REFERENCE,HUMAN_REVIEWED,2026-08-24 品牌识别清单
Pool Champion,Pool Champion,Pool Champion,1,1,REFERENCE,HUMAN_REVIEWED,2026-08-24 品牌识别清单
Pralin Art,Pralin Art,Pralin Art,1,0,REFERENCE,HUMAN_REVIEWED,2026-08-24 品牌识别清单
Pretty Legs,Pretty Legs,Pretty Legs,1,0,REFERENCE,HUMAN_REVIEWED,2026-08-24 品牌识别清单
Pringles,Pringles,Pringles,1,0,REFERENCE,HUMAN_REVIEWED,2026-08-24 品牌识别清单
Pro-max,Pro-max,Pro-max,1,0,REFERENCE,HUMAN_REVIEWED,2026-08-24 品牌识别清单
Prologic,Prologic,Prologic,1,0,REFERENCE,HUMAN_REVIEWED,2026-08-24 品牌识别清单
Puntomatic,Puntomatic,Puntomatic,1,0,REFERENCE,HUMAN_REVIEWED,2026-08-24 品牌识别清单
Purall,Purall,Purall,1,0,REFERENCE,HUMAN_REVIEWED,2026-08-24 品牌识别清单
Pure Soft,Pure Soft,Pure Soft,1,1,REFERENCE,HUMAN_REVIEWED,2026-08-24 品牌识别清单
Purox,Purox,Purox,1,0,REFERENCE,HUMAN_REVIEWED,2026-08-24 品牌识别清单
Purrfections,Purrfections,Purrfections,1,0,REFERENCE,HUMAN_REVIEWED,2026-08-24 品牌识别清单
Q4Life,Q4Life,Q4Life,1,0,REFERENCE,HUMAN_REVIEWED,2026-08-24 品牌识别清单
Rainbow High,Rainbow High,Rainbow High,1,0,REFERENCE,HUMAN_REVIEWED,2026-08-24 品牌识别清单
Re-load,Re-load,Re-load,1,1,REFERENCE,HUMAN_REVIEWED,2026-08-24 品牌识别清单
Red Bull,Red Bull,Red Bull,1,0,REFERENCE,HUMAN_REVIEWED,2026-08-24 品牌识别清单
Redmax,Redmax,Redmax,1,0,REFERENCE,HUMAN_REVIEWED,2026-08-24 品牌识别清单
Redstone,Redstone,Redstone,1,1,REFERENCE,HUMAN_REVIEWED,2026-08-24 品牌识别清单
Reese's,Reese's,Reese's,1,0,REFERENCE,HUMAN_REVIEWED,2026-08-24 品牌识别清单
Relove,Relove,Relove,1,0,REFERENCE,HUMAN_REVIEWED,2026-08-24 品牌识别清单
Remington,Remington,Remington,1,0,REFERENCE,HUMAN_REVIEWED,2026-08-24 品牌识别清单
Resolve,Resolve,Resolve,1,0,REFERENCE,HUMAN_REVIEWED,2026-08-24 品牌识别清单
Revlon,Revlon,Revlon,1,0,REFERENCE,HUMAN_REVIEWED,2026-08-24 品牌识别清单
Revolution,Revolution,Revolution,1,0,REFERENCE,HUMAN_REVIEWED,2026-08-24 品牌识别清单
Richardson Sheffield,Richardson Sheffield,Richardson Sheffield,1,0,REFERENCE,HUMAN_REVIEWED,2026-08-24 品牌识别清单
Rident,Rident,Rident,1,0,REFERENCE,HUMAN_REVIEWED,2026-08-24 品牌识别清单
Roni,Roni,Roni,1,0,REFERENCE,HUMAN_REVIEWED,2026-08-24 品牌识别清单
Roseland,Roseland,Roseland,1,1,REFERENCE,HUMAN_REVIEWED,2026-08-24 品牌识别清单
Roshen,Roshen,Roshen,1,0,REFERENCE,HUMAN_REVIEWED,2026-08-24 品牌识别清单
Royal Divas,Royal Divas,Royal Divas,1,0,REFERENCE,HUMAN_REVIEWED,2026-08-24 品牌识别清单
Royal Leerdam,Royal Leerdam,Royal Leerdam,1,0,REFERENCE,HUMAN_REVIEWED,2026-08-24 品牌识别清单
Runway Fashion,Runway Fashion,Runway Fashion,1,0,REFERENCE,HUMAN_REVIEWED,2026-08-24 品牌识别清单
SES,SES,SES,1,0,REFERENCE,HUMAN_REVIEWED,2026-08-24 品牌识别清单
Safer,Safer,Safer,1,0,REFERENCE,HUMAN_REVIEWED,2026-08-24 品牌识别清单
Samia,Samia,Samia,1,0,REFERENCE,HUMAN_REVIEWED,2026-08-24 品牌识别清单
Sanex,Sanex,Sanex,1,0,REFERENCE,HUMAN_REVIEWED,2026-08-24 品牌识别清单
Sau'cee,Sau'cee,Sau'cee,1,1,REFERENCE,HUMAN_REVIEWED,2026-08-24 品牌识别清单
Sauber,Sauber,Sauber,1,0,REFERENCE,HUMAN_REVIEWED,2026-08-24 品牌识别清单
Scholl,Scholl,Scholl,1,0,REFERENCE,HUMAN_REVIEWED,2026-08-24 品牌识别清单
Seasons & Style,Seasons & Style,Seasons & Style,1,0,AI_REVIEWED,NEEDS_HUMAN_REVIEW,来源：2026-08-25 品牌/IP审核；已确认商品名证据，待人工抽检。
Second Skin,Second Skin,Second Skin,1,0,REFERENCE,HUMAN_REVIEWED,2026-08-24 品牌识别清单
Selfie Girls,Selfie Girls,Selfie Girls,1,0,REFERENCE,HUMAN_REVIEWED,2026-08-24 品牌识别清单
Sensabelle,Sensabelle,Sensabelle,1,1,REFERENCE,HUMAN_REVIEWED,2026-08-24 品牌识别清单
Sensodyne,Sensodyne,Sensodyne,1,0,AI_REVIEWED,NEEDS_HUMAN_REVIEW,来源：2026-08-25 品牌/IP审核；已确认商品名证据，待人工抽检。
Sentimat,Sentimat,Sentimat,1,0,REFERENCE,HUMAN_REVIEWED,2026-08-24 品牌识别清单
Shoe like,Shoe like,Shoe like,1,0,REFERENCE,HUMAN_REVIEWED,2026-08-24 品牌识别清单
Silan,Silan,Silan,1,0,REFERENCE,HUMAN_REVIEWED,2026-08-24 品牌识别清单
Silea,Silea,Silea,1,0,REFERENCE,HUMAN_REVIEWED,2026-08-24 品牌识别清单
Silvergear,Silvergear,Silvergear,1,0,REFERENCE,HUMAN_REVIEWED,2026-08-24 品牌识别清单
Simba,Simba,Simba,1,0,REFERENCE,HUMAN_REVIEWED,2026-08-24 品牌识别清单
Sitecom,Sitecom,Sitecom,1,0,REFERENCE,HUMAN_REVIEWED,2026-08-24 品牌识别清单
Skin Bliss,Skin Bliss,Skin Bliss,1,0,REFERENCE,HUMAN_REVIEWED,2026-08-24 品牌识别清单
Skippit,Skippit,Skippit,1,0,REFERENCE,HUMAN_REVIEWED,2026-08-24 品牌识别清单
Skyler,Skyler,Skyler,1,1,REFERENCE,HUMAN_REVIEWED,2026-08-24 品牌识别清单
Slazenger,Slazenger,Slazenger,1,0,REFERENCE,HUMAN_REVIEWED,2026-08-24 品牌识别清单
Slimy,Slimy,Slimy,1,0,AI_REVIEWED,NEEDS_HUMAN_REVIEW,来源：2026-08-25 品牌/IP审核；已确认商品名证据，待人工抽检。
Sluban,Sluban,Sluban,1,0,REFERENCE,HUMAN_REVIEWED,2026-08-24 品牌识别清单
Slush Puppie,Slush Puppie,Slush Puppie,1,0,AI_REVIEWED,NEEDS_HUMAN_REVIEW,来源：2026-08-25 品牌/IP审核；已确认商品名证据，待人工抽检。
Smartwares,Smartwares,Smartwares,1,0,REFERENCE,HUMAN_REVIEWED,2026-08-24 品牌识别清单
Smiths,Smiths,Smiths,1,0,REFERENCE,HUMAN_REVIEWED,2026-08-24 品牌识别清单
Smoby,Smoby,Smoby,1,0,REFERENCE,HUMAN_REVIEWED,2026-08-24 品牌识别清单
Snacks of the World,Snacks of the World,Snacks of the World,1,0,REFERENCE,HUMAN_REVIEWED,2026-08-24 品牌识别清单
Snickers,Snickers,Snickers,1,0,REFERENCE,HUMAN_REVIEWED,2026-08-24 品牌识别清单
Sola,Sola,Sola,1,0,REFERENCE,HUMAN_REVIEWED,2026-08-24 品牌识别清单
Solen,Solen,Solen,1,0,REFERENCE,HUMAN_REVIEWED,2026-08-24 品牌识别清单
Solix,Solix,Solix,1,0,REFERENCE,HUMAN_REVIEWED,2026-08-24 品牌识别清单
Sologic,Sologic,Sologic,1,0,REFERENCE,HUMAN_REVIEWED,2026-08-24 品牌识别清单
Somat,Somat,Somat,1,0,REFERENCE,HUMAN_REVIEWED,2026-08-24 品牌识别清单
Spargo,Spargo,Spargo,1,1,REFERENCE,HUMAN_REVIEWED,2026-08-24 品牌识别清单
Spectrum,Spectrum,Spectrum,1,1,REFERENCE,HUMAN_REVIEWED,2026-08-24 品牌识别清单
Spilbergen,Spilbergen,Spilbergen,1,1,REFERENCE,HUMAN_REVIEWED,2026-08-24 品牌识别清单
Spirosan,Spirosan,Spirosan,1,0,REFERENCE,HUMAN_REVIEWED,2026-08-24 品牌识别清单
Sport Support,Sport Support,Sport Support,1,0,REFERENCE,HUMAN_REVIEWED,2026-08-24 品牌识别清单
Stabilo,Stabilo,Stabilo,1,0,REFERENCE,HUMAN_REVIEWED,2026-08-24 品牌识别清单
Staedtler,Staedtler,Staedtler,1,0,REFERENCE,HUMAN_REVIEWED,2026-08-24 品牌识别清单
Stanger,Stanger,Stanger,1,0,REFERENCE,HUMAN_REVIEWED,2026-08-24 品牌识别清单
Steffi Love,Steffi Love,Steffi Love,1,0,REFERENCE,HUMAN_REVIEWED,2026-08-24 品牌识别清单
Stretcherz,Stretcherz,Stretcherz,1,0,REFERENCE,HUMAN_REVIEWED,2026-08-24 品牌识别清单
Studio Home,Studio Home,Studio Home,1,1,REFERENCE,HUMAN_REVIEWED,2026-08-24 品牌识别清单
Sun,Sun,Sun,1,0,REFERENCE,HUMAN_REVIEWED,2026-08-24 品牌识别清单
Sunny Bites,Sunny Bites,Sunny Bites,1,0,REFERENCE,HUMAN_REVIEWED,2026-08-24 品牌识别清单
SuperTrash,SuperTrash,SuperTrash,1,0,REFERENCE,HUMAN_REVIEWED,2026-08-24 品牌识别清单
Superfinn,Superfinn,Superfinn,1,1,REFERENCE,HUMAN_REVIEWED,2026-08-24 品牌识别清单
Swarovski,Swarovski,Swarovski,1,0,REFERENCE,HUMAN_REVIEWED,2026-08-24 品牌识别清单
Swiffer,Swiffer,Swiffer,1,0,REFERENCE,HUMAN_REVIEWED,2026-08-24 品牌识别清单
TCX,TCX,TCX,1,0,AI_REVIEWED,NEEDS_HUMAN_REVIEW,来源：2026-08-25 品牌/IP审核；已确认商品名证据，待人工抽检。
TMC Home,TMC Home,TMC Home,1,0,AI_REVIEWED,NEEDS_HUMAN_REVIEW,来源：2026-08-25 品牌/IP审核；已确认商品名证据，待人工抽检。
TP-Link,TP-Link,TP-Link,1,0,REFERENCE,HUMAN_REVIEWED,2026-08-24 品牌识别清单
Takis,Takis,Takis,1,0,REFERENCE,HUMAN_REVIEWED,2026-08-24 品牌识别清单
Tapo,Tapo,Tapo,1,0,AI_REVIEWED,NEEDS_HUMAN_REVIEW,来源：2026-08-25 品牌/IP审核；已确认商品名证据，待人工抽检。
Teamsterz,Teamsterz,Teamsterz,1,0,AI_REVIEWED,NEEDS_HUMAN_REVIEW,来源：2026-08-25 品牌/IP审核；已确认商品名证据，待人工抽检。
Ted Baker,Ted Baker,Ted Baker,1,0,REFERENCE,HUMAN_REVIEWED,2026-08-24 品牌识别清单
Ted's Favorites,Ted's Favorites,Ted's Favorites,1,0,REFERENCE,HUMAN_REVIEWED,2026-08-24 品牌识别清单
Teddy Care,Teddy Care,Teddy Care,1,1,REFERENCE,HUMAN_REVIEWED,2026-08-24 品牌识别清单
Tefal,Tefal,Tefal,1,0,REFERENCE,HUMAN_REVIEWED,2026-08-24 品牌识别清单
Tesa,Tesa,Tesa,1,0,REFERENCE,HUMAN_REVIEWED,2026-08-24 品牌识别清单
The Bath Company,The Bath Company,The Bath Company,1,0,REFERENCE,HUMAN_REVIEWED,2026-08-24 品牌识别清单
The Beauty Dept.,The Beauty Dept.,The Beauty Dept.,1,0,REFERENCE,HUMAN_REVIEWED,2026-08-24 品牌识别清单
The Pink Stuff,The Pink Stuff,The Pink Stuff,1,0,REFERENCE,HUMAN_REVIEWED,2026-08-24 品牌识别清单
The Skin Dr.,The Skin Dr.,The Skin Dr.,1,0,AI_REVIEWED,NEEDS_HUMAN_REVIEW,来源：2026-08-25 品牌/IP审核；已确认商品名证据，待人工抽检。
Thermofect,Thermofect,Thermofect,1,0,REFERENCE,HUMAN_REVIEWED,2026-08-24 品牌识别清单
Thermolate,Thermolate,Thermolate,1,0,REFERENCE,HUMAN_REVIEWED,2026-08-24 品牌识别清单
Timotei,Timotei,Timotei,1,0,AI_REVIEWED,NEEDS_HUMAN_REVIEW,来源：2026-08-25 品牌/IP审核；已确认商品名证据，待人工抽检。
Tipiak,Tipiak,Tipiak,1,0,REFERENCE,HUMAN_REVIEWED,2026-08-24 品牌识别清单
Toblerone,Toblerone,Toblerone,1,0,REFERENCE,HUMAN_REVIEWED,2026-08-24 品牌识别清单
Tokimeki,Tokimeki,Tokimeki,1,0,REFERENCE,HUMAN_REVIEWED,2026-08-24 品牌识别清单
Tomado,Tomado,Tomado,1,0,REFERENCE,HUMAN_REVIEWED,2026-08-24 品牌识别清单
Tontarelli,Tontarelli,Tontarelli,1,0,REFERENCE,HUMAN_REVIEWED,2026-08-24 品牌识别清单
Tortina,Tortina,Tortina,1,0,REFERENCE,HUMAN_REVIEWED,2026-08-24 品牌识别清单
Treewick,Treewick,Treewick,1,0,REFERENCE,HUMAN_REVIEWED,2026-08-24 品牌识别清单
Trendz,Trendz,Trendz,1,0,REFERENCE,HUMAN_REVIEWED,2026-08-24 品牌识别清单
Trik,Trik,Trik,1,0,REFERENCE,HUMAN_REVIEWED,2026-08-24 品牌识别清单
Tristar,Tristar,Tristar,1,0,REFERENCE,HUMAN_REVIEWED,2026-08-24 品牌识别清单
Trolli,Trolli,Trolli,1,0,REFERENCE,HUMAN_REVIEWED,2026-08-24 品牌识别清单
Tropi-coco,Tropi-coco,Tropi-coco,1,0,REFERENCE,HUMAN_REVIEWED,2026-08-24 品牌识别清单
Troppie,Troppie,Troppie,1,0,HUMAN_CONFIRMED,HUMAN_REVIEWED,用户于 2026-08-25 确认；Action ES SKU 2557704 的饮料品牌。
Tummie Time,Tummie Time,Tummie Time,1,0,REFERENCE,HUMAN_REVIEWED,2026-08-24 品牌识别清单
Turtle Wax,Turtle Wax,Turtle Wax,1,0,REFERENCE,HUMAN_REVIEWED,2026-08-24 品牌识别清单
Twix,Twix,Twix,1,0,REFERENCE,HUMAN_REVIEWED,2026-08-24 品牌识别清单
UHU,UHU,UHU,1,0,REFERENCE,HUMAN_REVIEWED,2026-08-24 品牌识别清单
UNO,UNO,UNO,1,0,AI_REVIEWED,NEEDS_HUMAN_REVIEW,来源：2026-08-25 品牌/IP审核；已确认商品名证据，待人工抽检。
Umbro,Umbro,Umbro,1,0,REFERENCE,HUMAN_REVIEWED,2026-08-24 品牌识别清单
Valma,Valma,Valma,1,0,REFERENCE,HUMAN_REVIEWED,2026-08-24 品牌识别清单
Van Bleiswijck,Van Bleiswijck,Van Bleiswijck,1,1,REFERENCE,HUMAN_REVIEWED,2026-08-24 品牌识别清单
Vanish,Vanish,Vanish,1,0,REFERENCE,HUMAN_REVIEWED,2026-08-24 品牌识别清单
Varanti,Varanti,Varanti,1,0,REFERENCE,HUMAN_REVIEWED,2026-08-24 品牌识别清单
Varo,Varo,Varo,1,0,REFERENCE,HUMAN_REVIEWED,2026-08-24 品牌识别清单
Varta,Varta,Varta,1,0,REFERENCE,HUMAN_REVIEWED,2026-08-24 品牌识别清单
Vileda,Vileda,Vileda,1,0,REFERENCE,HUMAN_REVIEWED,2026-08-24 品牌识别清单
Vinove,Vinove,Vinove,1,0,REFERENCE,HUMAN_REVIEWED,2026-08-24 品牌识别清单
Vivance,Vivance,Vivance,1,0,REFERENCE,HUMAN_REVIEWED,2026-08-24 品牌识别清单
Waimea,Waimea,Waimea,1,0,REFERENCE,HUMAN_REVIEWED,2026-08-24 品牌识别清单
Walfort,Walfort,Walfort,1,1,REFERENCE,HUMAN_REVIEWED,2026-08-24 品牌识别清单
Wash Up,Wash Up,Wash Up,1,0,REFERENCE,HUMAN_REVIEWED,2026-08-24 品牌识别清单
Washcat,Washcat,Washcat,1,0,REFERENCE,HUMAN_REVIEWED,2026-08-24 品牌识别清单
WaterWipes,WaterWipes,WaterWipes,1,0,REFERENCE,HUMAN_REVIEWED,2026-08-24 品牌识别清单
Welly,Welly,Welly,1,0,REFERENCE,HUMAN_REVIEWED,2026-08-24 品牌识别清单
Werckmann,Werckmann,Werckmann,1,1,REFERENCE,HUMAN_REVIEWED,2026-08-24 品牌识别清单
Werther's,Werther's,Werther's,1,0,REFERENCE,HUMAN_REVIEWED,2026-08-24 品牌识别清单
Whiskas,Whiskas,Whiskas,1,0,REFERENCE,HUMAN_REVIEWED,2026-08-24 品牌识别清单
Who's Hair,Who's Hair,Who's Hair,1,0,REFERENCE,HUMAN_REVIEWED,2026-08-24 品牌识别清单
Widex,Widex,Widex,1,0,REFERENCE,HUMAN_REVIEWED,2026-08-24 品牌识别清单
Wilhelmina,Wilhelmina,Wilhelmina,1,0,REFERENCE,HUMAN_REVIEWED,2026-08-24 品牌识别清单
Wilkinson Sword,Wilkinson Sword,Wilkinson Sword,1,0,REFERENCE,HUMAN_REVIEWED,2026-08-24 品牌识别清单
Willow & Bloom,Willow & Bloom,Willow & Bloom,1,0,REFERENCE,HUMAN_REVIEWED,2026-08-24 品牌识别清单
Woofflicious,Woofflicious,Woofflicious,1,0,REFERENCE,HUMAN_REVIEWED,2026-08-24 品牌识别清单
XXL Nutrition,XXL Nutrition,XXL Nutrition,1,0,REFERENCE,HUMAN_REVIEWED,2026-08-24 品牌识别清单
Xtorm,Xtorm,Xtorm,1,0,REFERENCE,HUMAN_REVIEWED,2026-08-24 品牌识别清单
Xtronic,Xtronic,Xtronic,1,0,REFERENCE,HUMAN_REVIEWED,2026-08-24 品牌识别清单
Youmi,Youmi,Youmi,1,0,AI_REVIEWED,NEEDS_HUMAN_REVIEW,来源：2026-08-25 品牌/IP审核；已确认商品名证据，待人工抽检。
Zed Candy,Zed Candy,Zed Candy,1,0,AI_REVIEWED,NEEDS_HUMAN_REVIEW,来源：2026-08-25 品牌/IP审核；已确认商品名证据，待人工抽检。
Zenova,Zenova,Zenova,1,1,REFERENCE,HUMAN_REVIEWED,2026-08-24 品牌识别清单
Ziki,Ziki,Ziki,1,1,REFERENCE,HUMAN_REVIEWED,2026-08-24 品牌识别清单
Zuru,Zuru,Zuru,1,0,REFERENCE,HUMAN_REVIEWED,2026-08-24 品牌识别清单
