cat2_es,primary_cat1_es,observed_count,dominant_count,evidence_source
Accesorios,Moda,43,37,20260921Action商品全量_全量审查报告.xlsx/分类映射参考_105
Accesorios de baño,Vivienda,36,30,20260921Action商品全量_全量审查报告.xlsx/分类映射参考_105
Accesorios de cama,Vivienda,54,54,20260921Action商品全量_全量审查报告.xlsx/分类映射参考_105
Accesorios de oficina,Oficina y papelería,64,60,20260921Action商品全量_全量审查报告.xlsx/分类映射参考_105
Accesorios de viaje,Viajes,20,16,20260921Action商品全量_全量审查报告.xlsx/分类映射参考_105
Accesorios multimedia,Multimedia,30,30,20260921Action商品全量_全量审查报告.xlsx/分类映射参考_105
Accesorios para el cabello,Moda,45,44,20260921Action商品全量_全量审查报告.xlsx/分类映射参考_105
Accesorios y equipamiento deportivo,Artículos deportivos,34,34,20260921Action商品全量_全量审查报告.xlsx/分类映射参考_105
Alargadores,Bricolaje,12,12,20260921Action商品全量_全量审查报告.xlsx/分类映射参考_105
Alimentación,Comer y beber,48,48,20260921Action商品全量_全量审查报告.xlsx/分类映射参考_105
Alimentación para animales,Mascotas,44,44,20260921Action商品全量_全量审查报告.xlsx/分类映射参考_105
Alimentación y cuidado en el deporte,Artículos deportivos,16,16,20260921Action商品全量_全量审查报告.xlsx/分类映射参考_105
Almacenaje,Hogar,55,55,20260921Action商品全量_全量审查报告.xlsx/分类映射参考_105
Aparatos de cocina,Cocina,36,36,20260921Action商品全量_全量审查报告.xlsx/分类映射参考_105
Artículos de acampada,Viajes,10,8,20260921Action商品全量_全量审查报告.xlsx/分类映射参考_105
Artículos de baño y ducha,Cuidado personal,51,51,20260921Action商品全量_全量审查报告.xlsx/分类映射参考_105
Artículos de fiesta,Hobby,188,180,20260921Action商品全量_全量审查报告.xlsx/分类映射参考_105
Artículos de limpieza,Hogar,118,118,20260921Action商品全量_全量审查报告.xlsx/分类映射参考_105
Artículos de papel,Oficina y papelería,79,78,20260921Action商品全量_全量审查报告.xlsx/分类映射参考_105
Audio,Multimedia,30,30,20260921Action商品全量_全量审查报告.xlsx/分类映射参考_105
Barbacoa y accesorios,Jardín,10,10,20260921Action商品全量_全量审查报告.xlsx/分类映射参考_105
Baterías externas y cargadores,Multimedia,23,23,20260921Action商品全量_全量审查报告.xlsx/分类映射参考_105
Bebidas,Comer y beber,40,40,20260921Action商品全量_全量审查报告.xlsx/分类映射参考_105
Bicicleta,Bricolaje,30,26,20260921Action商品全量_全量审查报告.xlsx/分类映射参考_105
Cables y divisores,Multimedia,29,29,20260921Action商品全量_全量审查报告.xlsx/分类映射参考_105
Caramelos,Comer y beber,107,107,20260921Action商品全量_全量审查报告.xlsx/分类映射参考_105
Cartuchos de tinta,Oficina y papelería,7,7,20260921Action商品全量_全量审查报告.xlsx/分类映射参考_105
Cascos de teléfono,Multimedia,14,14,20260921Action商品全量_全量审查报告.xlsx/分类映射参考_105
Chocolate,Comer y beber,104,104,20260921Action商品全量_全量审查报告.xlsx/分类映射参考_105
Coche,Bricolaje,114,101,20260921Action商品全量_全量审查报告.xlsx/分类映射参考_105
Coches de juguete,Juguetes,33,33,20260921Action商品全量_全量审查报告.xlsx/分类映射参考_105
Cojines,Vivienda,31,31,20260921Action商品全量_全量审查报告.xlsx/分类映射参考_105
Colorear y dibujar,Hobby,57,40,20260921Action商品全量_全量审查报告.xlsx/分类映射参考_105
Complementos de pintura,Bricolaje,47,47,20260921Action商品全量_全量审查报告.xlsx/分类映射参考_105
Control de plagas,Cuidado personal,3,2,20260921Action商品全量_全量审查报告.xlsx/分类映射参考_105
Cubiertos,Cocina,18,18,20260921Action商品全量_全量审查报告.xlsx/分类映射参考_105
Cuidado bucal,Cuidado personal,43,43,20260921Action商品全量_全量审查报告.xlsx/分类映射参考_105
Cuidado corporal,Cuidado personal,90,87,20260921Action商品全量_全量审查报告.xlsx/分类映射参考_105
Cuidado del cabello,Cuidado personal,94,94,20260921Action商品全量_全量审查报告.xlsx/分类映射参考_105
Cuidado facial,Cuidado personal,65,65,20260921Action商品全量_全量审查报告.xlsx/分类映射参考_105
Cuidados para el bebé,Cuidado personal,27,25,20260921Action商品全量_全量审查报告.xlsx/分类映射参考_105
Decoración,Vivienda,576,515,20260921Action商品全量_全量审查报告.xlsx/分类映射参考_105
Decoración para el jardín,Jardín,8,8,20260921Action商品全量_全量审查报告.xlsx/分类映射参考_105
Depilación y afeitado,Cuidado personal,36,36,20260921Action商品全量_全量审查报告.xlsx/分类映射参考_105
Detergentes y lavavajillas,Hogar,113,113,20260921Action商品全量_全量审查报告.xlsx/分类映射参考_105
Frutos secos y aperitivos,Comer y beber,81,81,20260921Action商品全量_全量审查报告.xlsx/分类映射参考_105
Gafas y lentes,Cuidado personal,14,13,20260921Action商品全量_全量审查报告.xlsx/分类映射参考_105
Galletas,Comer y beber,76,74,20260921Action商品全量_全量审查报告.xlsx/分类映射参考_105
Gato,Mascotas,19,19,20260921Action商品全量_全量审查报告.xlsx/分类映射参考_105
Herramientas,Bricolaje,196,185,20260921Action商品全量_全量审查报告.xlsx/分类映射参考_105
Herramientas de jardinería,Jardín,6,6,20260921Action商品全量_全量审查报告.xlsx/分类映射参考_105
Iluminación,Bricolaje,75,72,20260921Action商品全量_全量审查报告.xlsx/分类映射参考_105
Iluminación exterior,Jardín,22,22,20260921Action商品全量_全量审查报告.xlsx/分类映射参考_105
Juegos,Juguetes,45,45,20260921Action商品全量_全量审查报告.xlsx/分类映射参考_105
Juegos simbólicos y de construcción,Juguetes,51,51,20260921Action商品全量_全量审查报告.xlsx/分类映射参考_105
Juguetes de exterior,Juguetes,28,23,20260921Action商品全量_全量审查报告.xlsx/分类映射参考_105
Juguetes para bebés,Juguetes,8,7,20260921Action商品全量_全量审查报告.xlsx/分类映射参考_105
Juguetes para mascotas,Mascotas,27,27,20260921Action商品全量_全量审查报告.xlsx/分类映射参考_105
Lubricantes y aceite,Bricolaje,1,1,20260921Action商品全量_全量审查报告.xlsx/分类映射参考_105
Lámparas,Vivienda,45,42,20260921Action商品全量_全量审查报告.xlsx/分类映射参考_105
Macetas,Jardín,2,2,20260921Action商品全量_全量审查报告.xlsx/分类映射参考_105
Maletas,Viajes,23,21,20260921Action商品全量_全量审查报告.xlsx/分类映射参考_105
Mantas de viaje y mantas,Vivienda,21,21,20260921Action商品全量_全量审查报告.xlsx/分类映射参考_105
Manualidades,Hobby,151,123,20260921Action商品全量_全量审查报告.xlsx/分类映射参考_105
Manualidades para niños,Juguetes,21,21,20260921Action商品全量_全量审查报告.xlsx/分类映射参考_105
Maquillaje,Cuidado personal,96,96,20260921Action商品全量_全量审查报告.xlsx/分类映射参考_105
Material escolar,Oficina y papelería,26,22,20260921Action商品全量_全量审查报告.xlsx/分类映射参考_105
Menaje de cocina,Cocina,52,52,20260921Action商品全量_全量审查报告.xlsx/分类映射参考_105
Muebles,Vivienda,91,83,20260921Action商品全量_全量审查报告.xlsx/分类映射参考_105
Muebles del jardín,Jardín,3,3,20260921Action商品全量_全量审查报告.xlsx/分类映射参考_105
Necesidades de los animales,Mascotas,41,41,20260921Action商品全量_全量审查报告.xlsx/分类映射参考_105
Organizadores de despensa,Cocina,90,79,20260921Action商品全量_全量审查报告.xlsx/分类映射参考_105
Papel higiénico y papel de cocina,Hogar,9,9,20260921Action商品全量_全量审查报告.xlsx/分类映射参考_105
Papel pintado,Bricolaje,12,12,20260921Action商品全量_全量审查报告.xlsx/分类映射参考_105
Papelería,Oficina y papelería,74,62,20260921Action商品全量_全量审查报告.xlsx/分类映射参考_105
Peluches y muñecas,Juguetes,82,82,20260921Action商品全量_全量审查报告.xlsx/分类映射参考_105
Pequeños electrodomésticos,Hogar,9,9,20260921Action商品全量_全量审查报告.xlsx/分类映射参考_105
Perfume,Cuidado personal,28,28,20260921Action商品全量_全量审查报告.xlsx/分类映射参考_105
Perro,Mascotas,26,26,20260921Action商品全量_全量审查报告.xlsx/分类映射参考_105
Pilas,Multimedia,40,40,20260921Action商品全量_全量审查报告.xlsx/分类映射参考_105
Pintura,Hobby,39,38,20260921Action商品全量_全量审查报告.xlsx/分类映射参考_105
Pintura para pared,Bricolaje,48,48,20260921Action商品全量_全量审查报告.xlsx/分类映射参考_105
Piscinas,Jardín,5,5,20260921Action商品全量_全量审查报告.xlsx/分类映射参考_105
Platos de horno y bandejas para hornear,Cocina,27,27,20260921Action商品全量_全量审查报告.xlsx/分类映射参考_105
Productos de limpieza,Hogar,98,98,20260921Action商品全量_全量审查报告.xlsx/分类映射参考_105
Punto y ganchillo,Hobby,29,29,20260921Action商品全量_全量审查报告.xlsx/分类映射参考_105
Puzles,Juguetes,9,9,20260921Action商品全量_全量审查报告.xlsx/分类映射参考_105
Quemaduras solares y aftersun,Cuidado personal,1,1,20260921Action商品全量_全量审查报告.xlsx/分类映射参考_105
Relojes y joyas,Moda,48,48,20260921Action商品全量_全量审查报告.xlsx/分类映射参考_105
Ropa,Moda,144,119,20260921Action商品全量_全量审查报告.xlsx/分类映射参考_105
Ropa de deporte,Artículos deportivos,17,17,20260921Action商品全量_全量审查报告.xlsx/分类映射参考_105
Ropa interior,Moda,111,111,20260921Action商品全量_全量审查报告.xlsx/分类映射参考_105
Ropa para la lluvia,Viajes,4,4,20260921Action商品全量_全量审查报告.xlsx/分类映射参考_105
Salud,Cuidado personal,71,54,20260921Action商品全量_全量审查报告.xlsx/分类映射参考_105
Sartenes,Cocina,34,34,20260921Action商品全量_全量审查报告.xlsx/分类映射参考_105
Tarjetas de memoria,Multimedia,3,3,20260921Action商品全量_全量审查报告.xlsx/分类映射参考_105
Textil de baño,Vivienda,59,59,20260921Action商品全量_全量审查报告.xlsx/分类映射参考_105
Textil de la cocina,Cocina,61,61,20260921Action商品全量_全量审查报告.xlsx/分类映射参考_105
Textil parte inferior,Moda,171,154,20260921Action商品全量_全量审查报告.xlsx/分类映射参考_105
Uñas,Cuidado personal,18,18,20260921Action商品全量_全量审查报告.xlsx/分类映射参考_105
Vajillas,Cocina,112,112,20260921Action商品全量_全量审查报告.xlsx/分类映射参考_105
Vasos,Cocina,17,17,20260921Action商品全量_全量审查报告.xlsx/分类映射参考_105
Ventiladores,Hogar,2,2,20260921Action商品全量_全量审查报告.xlsx/分类映射参考_105
Videojuegos,Multimedia,12,12,20260921Action商品全量_全量审查报告.xlsx/分类映射参考_105
Zapatos,Moda,47,46,20260921Action商品全量_全量审查报告.xlsx/分类映射参考_105
